id,ax,ay
187,18.6663434309,50.2824062643
655,18.6748768585,50.2838696501
656,18.6750744487,50.2837025322
679,18.6737889373,50.2837383117
680,18.6733682215,50.2837154854
681,18.6739795625,50.2839421973
683,18.6744762828,50.2838919347
684,18.6751404406,50.2838741434
687,18.6732040868,50.2835291573
